LocationType,Location,TimeFrame,DataFormat,Data
State,Ohio,2001,Number,36487
State,Ohio,2002,Number,36314
State,Ohio,2003,Number,34008
State,Ohio,2004,Number,31684
State,Ohio,2005,Number,30242
State,Ohio,2006,Number,29669
State,Ohio,2008,Number,25230
State,Ohio,2007,Number,27178
State,Ohio,2009,Number,23785
State,Ohio,2010,Number,21697
State,Ohio,2011,Number,22304
State,Ohio,2012,Number,21994
State,Ohio,2012,Rate,8.3
State,Ohio,2013,Number,22448
State,Ohio,2013,Rate,8.5
State,Ohio,2014,Number,22135
State,Ohio,2014,Rate,8.4
State,Ohio,2016,Number,24255
State,Ohio,2016,Rate,9.28538
State,Ohio,2015,Number,22970
State,Ohio,2015,Rate,8.7
State,Ohio,2017,Number,26324
State,Ohio,2017,Rate,10.10427
County,Adams,2001,Number,86
County,Adams,2002,Number,74
County,Adams,2003,Number,74
County,Adams,2004,Number,100
County,Adams,2005,Number,90
County,Adams,2006,Number,123
County,Adams,2008,Number,114
County,Adams,2007,Number,113
County,Adams,2009,Number,71
County,Adams,2010,Number,59
County,Adams,2011,Number,92
County,Adams,2012,Number,109
County,Adams,2012,Rate,15.7
County,Adams,2013,Number,101
County,Adams,2013,Rate,14.7
County,Adams,2014,Number,119
County,Adams,2014,Rate,17.2
County,Adams,2016,Number,114
County,Adams,2016,Rate,16.9416
County,Adams,2015,Number,99
County,Adams,2015,Rate,14.5
County,Adams,2017,Number,122
County,Adams,2017,Rate,18.27442
County,Allen,2001,Number,211
County,Allen,2002,Number,203
County,Allen,2003,Number,210
County,Allen,2004,Number,235
County,Allen,2005,Number,239
County,Allen,2006,Number,220
County,Allen,2008,Number,235
County,Allen,2007,Number,240
County,Allen,2009,Number,200
County,Allen,2010,Number,183
County,Allen,2011,Number,181
County,Allen,2012,Number,159
County,Allen,2012,Rate,6.4
County,Allen,2013,Number,147
County,Allen,2013,Rate,6
County,Allen,2014,Number,151
County,Allen,2014,Rate,6.2
County,Allen,2016,Number,199
County,Allen,2016,Rate,8.2313
County,Allen,2015,Number,166
County,Allen,2015,Rate,6.8
County,Allen,2017,Number,148
County,Allen,2017,Rate,6.19325
County,Ashland,2001,Number,74
County,Ashland,2002,Number,82
County,Ashland,2003,Number,89
County,Ashland,2004,Number,88
County,Ashland,2005,Number,96
County,Ashland,2006,Number,111
County,Ashland,2008,Number,106
County,Ashland,2007,Number,102
County,Ashland,2009,Number,113
County,Ashland,2010,Number,130
County,Ashland,2011,Number,135
County,Ashland,2012,Number,129
County,Ashland,2012,Rate,10.6
County,Ashland,2013,Number,132
County,Ashland,2013,Rate,10.8
County,Ashland,2014,Number,109
County,Ashland,2014,Rate,8.9
County,Ashland,2016,Number,131
County,Ashland,2016,Rate,10.74123
County,Ashland,2015,Number,125
County,Ashland,2015,Rate,10.2
County,Ashland,2017,Number,152
County,Ashland,2017,Rate,12.45391
County,Ashtabula,2001,Number,292
County,Ashtabula,2002,Number,262
County,Ashtabula,2003,Number,254
County,Ashtabula,2004,Number,251
County,Ashtabula,2005,Number,257
County,Ashtabula,2006,Number,260
County,Ashtabula,2008,Number,199
County,Ashtabula,2007,Number,225
County,Ashtabula,2009,Number,185
County,Ashtabula,2010,Number,188
County,Ashtabula,2011,Number,224
County,Ashtabula,2012,Number,242
County,Ashtabula,2012,Rate,10.5
County,Ashtabula,2013,Number,267
County,Ashtabula,2013,Rate,11.8
County,Ashtabula,2014,Number,254
County,Ashtabula,2014,Rate,11.4
County,Ashtabula,2016,Number,361
County,Ashtabula,2016,Rate,16.51796
County,Ashtabula,2015,Number,256
County,Ashtabula,2015,Rate,11.6
County,Ashtabula,2017,Number,421
County,Ashtabula,2017,Rate,19.39913
County,Athens,2001,Number,167
County,Athens,2002,Number,195
County,Athens,2003,Number,180
County,Athens,2004,Number,180
County,Athens,2005,Number,169
County,Athens,2006,Number,161
County,Athens,2008,Number,180
County,Athens,2007,Number,167
County,Athens,2009,Number,156
County,Athens,2010,Number,179
County,Athens,2011,Number,125
County,Athens,2012,Number,129
County,Athens,2012,Rate,12.8
County,Athens,2013,Number,122
County,Athens,2013,Rate,12.4
County,Athens,2014,Number,137
County,Athens,2014,Rate,13.6
County,Athens,2016,Number,178
County,Athens,2016,Rate,18.10968
County,Athens,2015,Number,145
County,Athens,2015,Rate,14.7
County,Athens,2017,Number,181
County,Athens,2017,Rate,18.69835
County,Auglaize,2001,Number,63
County,Auglaize,2002,Number,47
County,Auglaize,2003,Number,50
County,Auglaize,2004,Number,36
County,Auglaize,2005,Number,18
County,Auglaize,2006,Number,28
County,Auglaize,2008,Number,16
County,Auglaize,2007,Number,25
County,Auglaize,2009,Number,9
County,Auglaize,2010,Number,12
County,Auglaize,2011,Number,15
County,Auglaize,2012,Number,23
County,Auglaize,2012,Rate,2
County,Auglaize,2013,Number,17
County,Auglaize,2013,Rate,1.5
County,Auglaize,2014,Number,21
County,Auglaize,2014,Rate,1.9
County,Auglaize,2016,Number,12
County,Auglaize,2016,Rate,1.08676
County,Auglaize,2015,Number,17
County,Auglaize,2015,Rate,1.5
County,Auglaize,2017,Number,17
County,Auglaize,2017,Rate,1.5285
County,Belmont,2001,Number,139
County,Belmont,2002,Number,120
County,Belmont,2003,Number,118
County,Belmont,2004,Number,112
County,Belmont,2005,Number,108
County,Belmont,2006,Number,106
County,Belmont,2008,Number,94
County,Belmont,2007,Number,94
County,Belmont,2009,Number,87
County,Belmont,2010,Number,87
County,Belmont,2011,Number,91
County,Belmont,2012,Number,72
County,Belmont,2012,Rate,5.4
County,Belmont,2013,Number,77
County,Belmont,2013,Rate,5.8
County,Belmont,2014,Number,92
County,Belmont,2014,Rate,6.9
County,Belmont,2016,Number,84
County,Belmont,2016,Rate,6.42497
County,Belmont,2015,Number,90
County,Belmont,2015,Rate,6.8
County,Belmont,2017,Number,66
County,Belmont,2017,Rate,5.10007
County,Brown,2001,Number,133
County,Brown,2002,Number,103
County,Brown,2003,Number,109
County,Brown,2004,Number,120
County,Brown,2005,Number,129
County,Brown,2006,Number,133
County,Brown,2008,Number,125
County,Brown,2007,Number,107
County,Brown,2009,Number,96
County,Brown,2010,Number,93
County,Brown,2011,Number,99
County,Brown,2012,Number,144
County,Brown,2012,Rate,13.6
County,Brown,2013,Number,177
County,Brown,2013,Rate,16.9
County,Brown,2014,Number,154
County,Brown,2014,Rate,14.9
County,Brown,2016,Number,121
County,Brown,2016,Rate,12.0602
County,Brown,2015,Number,183
County,Brown,2015,Rate,18
County,Brown,2017,Number,130
County,Brown,2017,Rate,12.97405
County,Butler,2001,Number,680
County,Butler,2002,Number,726
County,Butler,2003,Number,658
County,Butler,2004,Number,608
County,Butler,2005,Number,683
County,Butler,2006,Number,759
County,Butler,2008,Number,1027
County,Butler,2007,Number,953
County,Butler,2009,Number,901
County,Butler,2010,Number,595
County,Butler,2011,Number,633
County,Butler,2012,Number,647
County,Butler,2012,Rate,7.1
County,Butler,2013,Number,707
County,Butler,2013,Rate,7.8
County,Butler,2014,Number,668
County,Butler,2014,Rate,7.4
County,Butler,2016,Number,595
County,Butler,2016,Rate,6.61957
County,Butler,2015,Number,596
County,Butler,2015,Rate,6.6
County,Butler,2017,Number,541
County,Butler,2017,Rate,6.00371
County,Carroll,2001,Number,19
County,Carroll,2002,Number,27
County,Carroll,2003,Number,31
County,Carroll,2004,Number,30
County,Carroll,2005,Number,29
County,Carroll,2006,Number,23
County,Carroll,2008,Number,15
County,Carroll,2007,Number,28
County,Carroll,2009,Number,16
County,Carroll,2010,Number,14
County,Carroll,2011,Number,14
County,Carroll,2012,Number,10
County,Carroll,2012,Rate,1.6
County,Carroll,2013,Number,16
County,Carroll,2013,Rate,2.6
County,Carroll,2014,Number,17
County,Carroll,2014,Rate,2.8
County,Carroll,2016,Number,13
County,Carroll,2016,Rate,2.23406
County,Carroll,2015,Number,19
County,Carroll,2015,Rate,3.2
County,Carroll,2017,Number,12
County,Carroll,2017,Rate,2.08623
County,Champaign,2001,Number,48
County,Champaign,2002,Number,50
County,Champaign,2003,Number,52
County,Champaign,2004,Number,49
County,Champaign,2005,Number,39
County,Champaign,2006,Number,27
County,Champaign,2008,Number,27
County,Champaign,2007,Number,24
County,Champaign,2009,Number,25
County,Champaign,2010,Number,13
County,Champaign,2011,Number,16
County,Champaign,2012,Number,20
County,Champaign,2012,Rate,2.1
County,Champaign,2013,Number,19
County,Champaign,2013,Rate,2
County,Champaign,2014,Number,15
County,Champaign,2014,Rate,1.6
County,Champaign,2016,Number,23
County,Champaign,2016,Rate,2.60623
County,Champaign,2015,Number,16
County,Champaign,2015,Rate,1.8
County,Champaign,2017,Number,33
County,Champaign,2017,Rate,3.77661
County,Clark,2001,Number,436
County,Clark,2002,Number,431
County,Clark,2003,Number,356
County,Clark,2004,Number,298
County,Clark,2005,Number,317
County,Clark,2006,Number,315
County,Clark,2008,Number,280
County,Clark,2007,Number,305
County,Clark,2009,Number,270
County,Clark,2010,Number,214
County,Clark,2011,Number,205
County,Clark,2012,Number,196
County,Clark,2012,Rate,6.2
County,Clark,2013,Number,187
County,Clark,2013,Rate,6
County,Clark,2014,Number,185
County,Clark,2014,Rate,5.9
County,Clark,2016,Number,185
County,Clark,2016,Rate,6.03609
County,Clark,2015,Number,198
County,Clark,2015,Rate,6.4
County,Clark,2017,Number,179
County,Clark,2017,Rate,5.88525
County,Clermont,2001,Number,344
County,Clermont,2002,Number,381
County,Clermont,2003,Number,449
County,Clermont,2004,Number,486
County,Clermont,2005,Number,535
County,Clermont,2006,Number,527
County,Clermont,2008,Number,526
County,Clermont,2007,Number,545
County,Clermont,2009,Number,464
County,Clermont,2010,Number,492
County,Clermont,2011,Number,489
County,Clermont,2012,Number,506
County,Clermont,2012,Rate,10.2
County,Clermont,2013,Number,569
County,Clermont,2013,Rate,11.6
County,Clermont,2014,Number,524
County,Clermont,2014,Rate,10.7
County,Clermont,2016,Number,354
County,Clermont,2016,Rate,7.38839
County,Clermont,2015,Number,452
County,Clermont,2015,Rate,9.4
County,Clermont,2017,Number,295
County,Clermont,2017,Rate,6.19072
County,Clinton,2001,Number,66
County,Clinton,2002,Number,69
County,Clinton,2003,Number,68
County,Clinton,2004,Number,106
County,Clinton,2005,Number,107
County,Clinton,2006,Number,74
County,Clinton,2008,Number,68
County,Clinton,2007,Number,73
County,Clinton,2009,Number,60
County,Clinton,2010,Number,76
County,Clinton,2011,Number,82
County,Clinton,2012,Number,81
County,Clinton,2012,Rate,8
County,Clinton,2013,Number,93
County,Clinton,2013,Rate,9.2
County,Clinton,2014,Number,85
County,Clinton,2014,Rate,8.5
County,Clinton,2016,Number,86
County,Clinton,2016,Rate,8.67023
County,Clinton,2015,Number,81
County,Clinton,2015,Rate,8.2
County,Clinton,2017,Number,126
County,Clinton,2017,Rate,12.86371
County,Columbiana,2001,Number,132
County,Columbiana,2002,Number,166
County,Columbiana,2003,Number,176
County,Columbiana,2004,Number,159
County,Columbiana,2005,Number,164
County,Columbiana,2006,Number,191
County,Columbiana,2008,Number,232
County,Columbiana,2007,Number,173
County,Columbiana,2009,Number,188
County,Columbiana,2010,Number,138
County,Columbiana,2011,Number,123
County,Columbiana,2012,Number,112
County,Columbiana,2012,Rate,5
County,Columbiana,2013,Number,108
County,Columbiana,2013,Rate,4.9
County,Columbiana,2014,Number,114
County,Columbiana,2014,Rate,5.2
County,Columbiana,2016,Number,131
County,Columbiana,2016,Rate,6.10097
County,Columbiana,2015,Number,116
County,Columbiana,2015,Rate,5.3
County,Columbiana,2017,Number,137
County,Columbiana,2017,Rate,6.48122
County,Coshocton,2001,Number,56
County,Coshocton,2002,Number,49
County,Coshocton,2003,Number,40
County,Coshocton,2004,Number,44
County,Coshocton,2005,Number,32
County,Coshocton,2006,Number,28
County,Coshocton,2008,Number,32
County,Coshocton,2007,Number,30
County,Coshocton,2009,Number,30
County,Coshocton,2010,Number,29
County,Coshocton,2011,Number,40
County,Coshocton,2012,Number,34
County,Coshocton,2012,Rate,4
County,Coshocton,2013,Number,31
County,Coshocton,2013,Rate,3.6
County,Coshocton,2014,Number,35
County,Coshocton,2014,Rate,4.1
County,Coshocton,2016,Number,45
County,Coshocton,2016,Rate,5.18852
County,Coshocton,2015,Number,31
County,Coshocton,2015,Rate,3.6
County,Coshocton,2017,Number,55
County,Coshocton,2017,Rate,6.36648
County,Crawford,2001,Number,120
County,Crawford,2002,Number,125
County,Crawford,2003,Number,83
County,Crawford,2004,Number,108
County,Crawford,2005,Number,111
County,Crawford,2006,Number,121
County,Crawford,2008,Number,110
County,Crawford,2007,Number,111
County,Crawford,2009,Number,72
County,Crawford,2010,Number,67
County,Crawford,2011,Number,75
County,Crawford,2012,Number,84
County,Crawford,2012,Rate,8.7
County,Crawford,2013,Number,103
County,Crawford,2013,Rate,10.8
County,Crawford,2014,Number,108
County,Crawford,2014,Rate,11.6
County,Crawford,2016,Number,91
County,Crawford,2016,Rate,9.89453
County,Crawford,2015,Number,118
County,Crawford,2015,Rate,12.7
County,Crawford,2017,Number,102
County,Crawford,2017,Rate,11.27196
County,Cuyahoga,2001,Number,9306
County,Cuyahoga,2002,Number,8946
County,Cuyahoga,2003,Number,7268
County,Cuyahoga,2004,Number,5727
County,Cuyahoga,2005,Number,4814
County,Cuyahoga,2006,Number,4265
County,Cuyahoga,2008,Number,3241
County,Cuyahoga,2007,Number,3606
County,Cuyahoga,2009,Number,2923
County,Cuyahoga,2010,Number,2847
County,Cuyahoga,2011,Number,3088
County,Cuyahoga,2012,Number,3001
County,Cuyahoga,2012,Rate,10.8
County,Cuyahoga,2013,Number,2697
County,Cuyahoga,2013,Rate,9.8
County,Cuyahoga,2014,Number,2670
County,Cuyahoga,2014,Rate,9.8
County,Cuyahoga,2016,Number,2939
County,Cuyahoga,2016,Rate,11.10108
County,Cuyahoga,2015,Number,2825
County,Cuyahoga,2015,Rate,10.5
County,Cuyahoga,2017,Number,3294
County,Cuyahoga,2017,Rate,12.62137
County,Darke,2001,Number,75
County,Darke,2002,Number,62
County,Darke,2003,Number,50
County,Darke,2004,Number,69
County,Darke,2005,Number,87
County,Darke,2006,Number,96
County,Darke,2008,Number,67
County,Darke,2007,Number,79
County,Darke,2009,Number,71
County,Darke,2010,Number,67
County,Darke,2011,Number,53
County,Darke,2012,Number,49
County,Darke,2012,Rate,3.8
County,Darke,2013,Number,45
County,Darke,2013,Rate,3.5
County,Darke,2014,Number,48
County,Darke,2014,Rate,3.8
County,Darke,2016,Number,57
County,Darke,2016,Rate,4.58531
County,Darke,2015,Number,56
County,Darke,2015,Rate,4.4
County,Darke,2017,Number,49
County,Darke,2017,Rate,3.99674
County,Defiance,2001,Number,48
County,Defiance,2002,Number,35
County,Defiance,2003,Number,25
County,Defiance,2004,Number,23
County,Defiance,2005,Number,43
County,Defiance,2006,Number,55
County,Defiance,2008,Number,65
County,Defiance,2007,Number,63
County,Defiance,2009,Number,68
County,Defiance,2010,Number,49
County,Defiance,2011,Number,48
County,Defiance,2012,Number,43
County,Defiance,2012,Rate,4.6
County,Defiance,2013,Number,43
County,Defiance,2013,Rate,4.7
County,Defiance,2014,Number,56
County,Defiance,2014,Rate,6.2
County,Defiance,2016,Number,58
County,Defiance,2016,Rate,6.59466
County,Defiance,2015,Number,72
County,Defiance,2015,Rate,8
County,Defiance,2017,Number,47
County,Defiance,2017,Rate,5.35613
County,Delaware,2001,Number,107
County,Delaware,2002,Number,125
County,Delaware,2003,Number,150
County,Delaware,2004,Number,124
County,Delaware,2005,Number,123
County,Delaware,2006,Number,151
County,Delaware,2008,Number,137
County,Delaware,2007,Number,129
County,Delaware,2009,Number,125
County,Delaware,2010,Number,91
County,Delaware,2011,Number,60
County,Delaware,2012,Number,49
County,Delaware,2012,Rate,1
County,Delaware,2013,Number,64
County,Delaware,2013,Rate,1.2
County,Delaware,2014,Number,60
County,Delaware,2014,Rate,1.2
County,Delaware,2016,Number,69
County,Delaware,2016,Rate,1.2978
County,Delaware,2015,Number,56
County,Delaware,2015,Rate,1.1
County,Delaware,2017,Number,60
County,Delaware,2017,Rate,1.11568
County,Erie,2001,Number,320
County,Erie,2002,Number,256
County,Erie,2003,Number,197
County,Erie,2004,Number,216
County,Erie,2005,Number,192
County,Erie,2006,Number,179
County,Erie,2008,Number,196
County,Erie,2007,Number,196
County,Erie,2009,Number,145
County,Erie,2010,Number,112
County,Erie,2011,Number,104
County,Erie,2012,Number,130
County,Erie,2012,Rate,8
County,Erie,2013,Number,170
County,Erie,2013,Rate,10.6
County,Erie,2014,Number,166
County,Erie,2014,Rate,10.4
County,Erie,2016,Number,174
County,Erie,2016,Rate,11.26141
County,Erie,2015,Number,199
County,Erie,2015,Rate,12.7
County,Erie,2017,Number,180
County,Erie,2017,Rate,11.74628
County,Fairfield,2001,Number,235
County,Fairfield,2002,Number,259
County,Fairfield,2003,Number,282
County,Fairfield,2004,Number,303
County,Fairfield,2005,Number,269
County,Fairfield,2006,Number,287
County,Fairfield,2008,Number,314
County,Fairfield,2007,Number,299
County,Fairfield,2009,Number,297
County,Fairfield,2010,Number,244
County,Fairfield,2011,Number,316
County,Fairfield,2012,Number,287
County,Fairfield,2012,Rate,7.7
County,Fairfield,2013,Number,317
County,Fairfield,2013,Rate,8.6
County,Fairfield,2014,Number,285
County,Fairfield,2014,Rate,7.7
County,Fairfield,2016,Number,302
County,Fairfield,2016,Rate,8.25723
County,Fairfield,2015,Number,275
County,Fairfield,2015,Rate,7.5
County,Fairfield,2017,Number,253
County,Fairfield,2017,Rate,6.79031
County,Fayette,2001,Number,26
County,Fayette,2002,Number,50
County,Fayette,2003,Number,51
County,Fayette,2004,Number,63
County,Fayette,2005,Number,65
County,Fayette,2006,Number,65
County,Fayette,2008,Number,91
County,Fayette,2007,Number,80
County,Fayette,2009,Number,81
County,Fayette,2010,Number,91
County,Fayette,2011,Number,75
County,Fayette,2012,Number,57
County,Fayette,2012,Rate,8.2
County,Fayette,2013,Number,73
County,Fayette,2013,Rate,10.6
County,Fayette,2014,Number,65
County,Fayette,2014,Rate,9.4
County,Fayette,2016,Number,83
County,Fayette,2016,Rate,12.36223
County,Fayette,2015,Number,60
County,Fayette,2015,Rate,8.8
County,Fayette,2017,Number,107
County,Fayette,2017,Rate,15.73298
County,Franklin,2001,Number,5978
County,Franklin,2002,Number,6319
County,Franklin,2003,Number,6309
County,Franklin,2004,Number,6093
County,Franklin,2005,Number,5953
County,Franklin,2006,Number,6008
County,Franklin,2008,Number,3718
County,Franklin,2007,Number,4380
County,Franklin,2009,Number,4150
County,Franklin,2010,Number,3955
County,Franklin,2011,Number,3974
County,Franklin,2012,Number,3751
County,Franklin,2012,Rate,13.2
County,Franklin,2013,Number,3830
County,Franklin,2013,Rate,13.3
County,Franklin,2014,Number,3748
County,Franklin,2014,Rate,12.9
County,Franklin,2016,Number,4091
County,Franklin,2016,Rate,13.72994
County,Franklin,2015,Number,3812
County,Franklin,2015,Rate,12.9
County,Franklin,2017,Number,4253
County,Franklin,2017,Rate,14.07798
County,Fulton,2001,Number,34
County,Fulton,2002,Number,37
County,Fulton,2003,Number,44
County,Fulton,2004,Number,57
County,Fulton,2005,Number,58
County,Fulton,2006,Number,50
County,Fulton,2008,Number,34
County,Fulton,2007,Number,54
County,Fulton,2009,Number,28
County,Fulton,2010,Number,17
County,Fulton,2011,Number,30
County,Fulton,2012,Number,28
County,Fulton,2012,Rate,2.7
County,Fulton,2013,Number,39
County,Fulton,2013,Rate,3.7
County,Fulton,2014,Number,26
County,Fulton,2014,Rate,2.5
County,Fulton,2016,Number,25
County,Fulton,2016,Rate,2.4505
County,Fulton,2015,Number,25
County,Fulton,2015,Rate,2.4
County,Fulton,2017,Number,38
County,Fulton,2017,Rate,3.77246
County,Gallia,2001,Number,108
County,Gallia,2002,Number,88
County,Gallia,2003,Number,71
County,Gallia,2004,Number,46
County,Gallia,2005,Number,54
County,Gallia,2006,Number,62
County,Gallia,2008,Number,72
County,Gallia,2007,Number,68
County,Gallia,2009,Number,40
County,Gallia,2010,Number,36
County,Gallia,2011,Number,42
County,Gallia,2012,Number,34
County,Gallia,2012,Rate,4.7
County,Gallia,2013,Number,37
County,Gallia,2013,Rate,5.2
County,Gallia,2014,Number,32
County,Gallia,2014,Rate,4.6
County,Gallia,2016,Number,33
County,Gallia,2016,Rate,4.75573
County,Gallia,2015,Number,22
County,Gallia,2015,Rate,3.2
County,Gallia,2017,Number,34
County,Gallia,2017,Rate,4.92468
County,Geauga,2001,Number,70
County,Geauga,2002,Number,85
County,Geauga,2003,Number,69
County,Geauga,2004,Number,61
County,Geauga,2005,Number,74
County,Geauga,2006,Number,56
County,Geauga,2008,Number,41
County,Geauga,2007,Number,56
County,Geauga,2009,Number,56
County,Geauga,2010,Number,49
County,Geauga,2011,Number,51
County,Geauga,2012,Number,69
County,Geauga,2012,Rate,3
County,Geauga,2013,Number,91
County,Geauga,2013,Rate,4
County,Geauga,2014,Number,102
County,Geauga,2014,Rate,4.5
County,Geauga,2016,Number,115
County,Geauga,2016,Rate,5.21211
County,Geauga,2015,Number,102
County,Geauga,2015,Rate,4.6
County,Geauga,2017,Number,95
County,Geauga,2017,Rate,4.36581
County,Greene,2001,Number,197
County,Greene,2002,Number,199
County,Greene,2003,Number,213
County,Greene,2004,Number,219
County,Greene,2005,Number,244
County,Greene,2006,Number,237
County,Greene,2008,Number,235
County,Greene,2007,Number,230
County,Greene,2009,Number,245
County,Greene,2010,Number,251
County,Greene,2011,Number,183
County,Greene,2012,Number,181
County,Greene,2012,Rate,5.3
County,Greene,2013,Number,179
County,Greene,2013,Rate,5.3
County,Greene,2014,Number,195
County,Greene,2014,Rate,5.7
County,Greene,2016,Number,249
County,Greene,2016,Rate,7.33172
County,Greene,2015,Number,252
County,Greene,2015,Rate,7.4
County,Greene,2017,Number,239
County,Greene,2017,Rate,6.94001
County,Guernsey,2001,Number,124
County,Guernsey,2002,Number,101
County,Guernsey,2003,Number,119
County,Guernsey,2004,Number,87
County,Guernsey,2005,Number,91
County,Guernsey,2006,Number,92
County,Guernsey,2008,Number,78
County,Guernsey,2007,Number,85
County,Guernsey,2009,Number,96
County,Guernsey,2010,Number,91
County,Guernsey,2011,Number,91
County,Guernsey,2012,Number,73
County,Guernsey,2012,Rate,7.9
County,Guernsey,2013,Number,75
County,Guernsey,2013,Rate,8.2
County,Guernsey,2014,Number,63
County,Guernsey,2014,Rate,7
County,Guernsey,2016,Number,98
County,Guernsey,2016,Rate,11.22309
County,Guernsey,2015,Number,78
County,Guernsey,2015,Rate,8.8
County,Guernsey,2017,Number,134
County,Guernsey,2017,Rate,15.4218
County,Hamilton,2001,Number,3501
County,Hamilton,2002,Number,3276
County,Hamilton,2003,Number,3067
County,Hamilton,2004,Number,2847
County,Hamilton,2005,Number,2519
County,Hamilton,2006,Number,2559
County,Hamilton,2008,Number,2130
County,Hamilton,2007,Number,2001
County,Hamilton,2009,Number,2159
County,Hamilton,2010,Number,2033
County,Hamilton,2011,Number,2249
County,Hamilton,2012,Number,2325
County,Hamilton,2012,Rate,12.4
County,Hamilton,2013,Number,2326
County,Hamilton,2013,Rate,12.4
County,Hamilton,2014,Number,2147
County,Hamilton,2014,Rate,11.4
County,Hamilton,2016,Number,2933
County,Hamilton,2016,Rate,15.59824
County,Hamilton,2015,Number,2519
County,Hamilton,2015,Rate,13.4
County,Hamilton,2017,Number,3583
County,Hamilton,2017,Rate,19.10791
County,Hancock,2001,Number,63
County,Hancock,2002,Number,60
County,Hancock,2003,Number,79
County,Hancock,2004,Number,75
County,Hancock,2005,Number,75
County,Hancock,2006,Number,81
County,Hancock,2008,Number,107
County,Hancock,2007,Number,104
County,Hancock,2009,Number,101
County,Hancock,2010,Number,85
County,Hancock,2011,Number,85
County,Hancock,2012,Number,85
County,Hancock,2012,Rate,4.9
County,Hancock,2013,Number,75
County,Hancock,2013,Rate,4.4
County,Hancock,2014,Number,71
County,Hancock,2014,Rate,4.2
County,Hancock,2016,Number,76
County,Hancock,2016,Rate,4.42118
County,Hancock,2015,Number,73
County,Hancock,2015,Rate,4.3
County,Hancock,2017,Number,88
County,Hancock,2017,Rate,5.20741
County,Hardin,2001,Number,68
County,Hardin,2002,Number,48
County,Hardin,2003,Number,69
County,Hardin,2004,Number,63
County,Hardin,2005,Number,59
County,Hardin,2006,Number,49
County,Hardin,2008,Number,35
County,Hardin,2007,Number,39
County,Hardin,2009,Number,35
County,Hardin,2010,Number,19
County,Hardin,2011,Number,22
County,Hardin,2012,Number,33
County,Hardin,2012,Rate,4.5
County,Hardin,2013,Number,33
County,Hardin,2013,Rate,4.5
County,Hardin,2014,Number,30
County,Hardin,2014,Rate,4
County,Hardin,2016,Number,42
County,Hardin,2016,Rate,5.74555
County,Hardin,2015,Number,39
County,Hardin,2015,Rate,5.3
County,Hardin,2017,Number,51
County,Hardin,2017,Rate,7.03448
County,Harrison,2001,Number,18
County,Harrison,2002,Number,10
County,Harrison,2003,Number,9
County,Harrison,2004,Number,11
County,Harrison,2005,Number,20
County,Harrison,2006,Number,27
County,Harrison,2008,Number,33
County,Harrison,2007,Number,37
County,Harrison,2009,Number,25
County,Harrison,2010,Number,14
County,Harrison,2011,Number,42
County,Harrison,2012,Number,61
County,Harrison,2012,Rate,18.1
County,Harrison,2013,Number,42
County,Harrison,2013,Rate,12.9
County,Harrison,2014,Number,34
County,Harrison,2014,Rate,10.4
County,Harrison,2016,Number,61
County,Harrison,2016,Rate,18.8913
County,Harrison,2015,Number,53
County,Harrison,2015,Rate,16.3
County,Harrison,2017,Number,70
County,Harrison,2017,Rate,21.86134
County,Henry,2001,Number,47
County,Henry,2002,Number,37
County,Henry,2003,Number,40
County,Henry,2004,Number,37
County,Henry,2005,Number,46
County,Henry,2006,Number,41
County,Henry,2008,Number,42
County,Henry,2007,Number,39
County,Henry,2009,Number,38
County,Henry,2010,Number,30
County,Henry,2011,Number,37
County,Henry,2012,Number,48
County,Henry,2012,Rate,7.1
County,Henry,2013,Number,41
County,Henry,2013,Rate,6.1
County,Henry,2014,Number,47
County,Henry,2014,Rate,7
County,Henry,2016,Number,42
County,Henry,2016,Rate,6.55328
County,Henry,2015,Number,48
County,Henry,2015,Rate,7.3
County,Henry,2017,Number,36
County,Henry,2017,Rate,5.69801
County,Highland,2001,Number,91
County,Highland,2002,Number,90
County,Highland,2003,Number,102
County,Highland,2004,Number,129
County,Highland,2005,Number,127
County,Highland,2006,Number,112
County,Highland,2008,Number,120
County,Highland,2007,Number,126
County,Highland,2009,Number,101
County,Highland,2010,Number,84
County,Highland,2011,Number,81
County,Highland,2012,Number,114
County,Highland,2012,Rate,10.8
County,Highland,2013,Number,157
County,Highland,2013,Rate,14.7
County,Highland,2014,Number,214
County,Highland,2014,Rate,20.6
County,Highland,2016,Number,205
County,Highland,2016,Rate,19.83167
County,Highland,2015,Number,231
County,Highland,2015,Rate,22.1
County,Highland,2017,Number,181
County,Highland,2017,Rate,17.52687
County,Hocking,2001,Number,89
County,Hocking,2002,Number,85
County,Hocking,2003,Number,72
County,Hocking,2004,Number,92
County,Hocking,2005,Number,84
County,Hocking,2006,Number,72
County,Hocking,2008,Number,66
County,Hocking,2007,Number,73
County,Hocking,2009,Number,58
County,Hocking,2010,Number,48
County,Hocking,2011,Number,49
County,Hocking,2012,Number,64
County,Hocking,2012,Rate,9.4
County,Hocking,2013,Number,69
County,Hocking,2013,Rate,10.3
County,Hocking,2014,Number,60
County,Hocking,2014,Rate,9
County,Hocking,2016,Number,56
County,Hocking,2016,Rate,8.86076
County,Hocking,2015,Number,62
County,Hocking,2015,Rate,9.5
County,Hocking,2017,Number,47
County,Hocking,2017,Rate,7.46862
County,Holmes,2001,Number,12
County,Holmes,2002,Number,22
County,Holmes,2003,Number,29
County,Holmes,2004,Number,29
County,Holmes,2005,Number,34
County,Holmes,2006,Number,29
County,Holmes,2008,Number,40
County,Holmes,2007,Number,39
County,Holmes,2009,Number,35
County,Holmes,2010,Number,34
County,Holmes,2011,Number,31
County,Holmes,2012,Number,43
County,Holmes,2012,Rate,3
County,Holmes,2013,Number,63
County,Holmes,2013,Rate,4.3
County,Holmes,2014,Number,43
County,Holmes,2014,Rate,2.9
County,Holmes,2016,Number,29
County,Holmes,2016,Rate,2.04441
County,Holmes,2015,Number,34
County,Holmes,2015,Rate,2.4
County,Holmes,2017,Number,32
County,Holmes,2017,Rate,2.29358
County,Huron,2001,Number,116
County,Huron,2002,Number,114
County,Huron,2003,Number,121
County,Huron,2004,Number,129
County,Huron,2005,Number,116
County,Huron,2006,Number,112
County,Huron,2008,Number,82
County,Huron,2007,Number,107
County,Huron,2009,Number,44
County,Huron,2010,Number,33
County,Huron,2011,Number,38
County,Huron,2012,Number,30
County,Huron,2012,Rate,2
County,Huron,2013,Number,40
County,Huron,2013,Rate,2.7
County,Huron,2014,Number,53
County,Huron,2014,Rate,3.7
County,Huron,2016,Number,32
County,Huron,2016,Rate,2.26581
County,Huron,2015,Number,45
County,Huron,2015,Rate,3.1
County,Huron,2017,Number,26
County,Huron,2017,Rate,1.82931
County,Jackson,2001,Number,46
County,Jackson,2002,Number,57
County,Jackson,2003,Number,49
County,Jackson,2004,Number,50
County,Jackson,2005,Number,47
County,Jackson,2006,Number,51
County,Jackson,2008,Number,71
County,Jackson,2007,Number,68
County,Jackson,2009,Number,66
County,Jackson,2010,Number,41
County,Jackson,2011,Number,45
County,Jackson,2012,Number,53
County,Jackson,2012,Rate,6.6
County,Jackson,2013,Number,52
County,Jackson,2013,Rate,6.6
County,Jackson,2014,Number,45
County,Jackson,2014,Rate,5.7
County,Jackson,2016,Number,72
County,Jackson,2016,Rate,9.3361
County,Jackson,2015,Number,64
County,Jackson,2015,Rate,8.2
County,Jackson,2017,Number,60
County,Jackson,2017,Rate,7.75595
County,Jefferson,2001,Number,200
County,Jefferson,2002,Number,222
County,Jefferson,2003,Number,224
County,Jefferson,2004,Number,196
County,Jefferson,2005,Number,170
County,Jefferson,2006,Number,170
County,Jefferson,2008,Number,131
County,Jefferson,2007,Number,146
County,Jefferson,2009,Number,132
County,Jefferson,2010,Number,131
County,Jefferson,2011,Number,120
County,Jefferson,2012,Number,124
County,Jefferson,2012,Rate,9.2
County,Jefferson,2013,Number,130
County,Jefferson,2013,Rate,9.8
County,Jefferson,2014,Number,115
County,Jefferson,2014,Rate,8.7
County,Jefferson,2016,Number,128
County,Jefferson,2016,Rate,9.78743
County,Jefferson,2015,Number,117
County,Jefferson,2015,Rate,8.9
County,Jefferson,2017,Number,112
County,Jefferson,2017,Rate,8.7275
County,Knox,2001,Number,57
County,Knox,2002,Number,55
County,Knox,2003,Number,48
County,Knox,2004,Number,39
County,Knox,2005,Number,36
County,Knox,2006,Number,27
County,Knox,2008,Number,28
County,Knox,2007,Number,27
County,Knox,2009,Number,22
County,Knox,2010,Number,26
County,Knox,2011,Number,24
County,Knox,2012,Number,36
County,Knox,2012,Rate,2.5
County,Knox,2013,Number,28
County,Knox,2013,Rate,2
County,Knox,2014,Number,46
County,Knox,2014,Rate,3.2
County,Knox,2016,Number,114
County,Knox,2016,Rate,8.20734
County,Knox,2015,Number,43
County,Knox,2015,Rate,3
County,Knox,2017,Number,150
County,Knox,2017,Rate,10.74037
County,Lake,2001,Number,175
County,Lake,2002,Number,169
County,Lake,2003,Number,185
County,Lake,2004,Number,176
County,Lake,2005,Number,171
County,Lake,2006,Number,157
County,Lake,2008,Number,118
County,Lake,2007,Number,153
County,Lake,2009,Number,104
County,Lake,2010,Number,104
County,Lake,2011,Number,109
County,Lake,2012,Number,131
County,Lake,2012,Rate,2.7
County,Lake,2013,Number,139
County,Lake,2013,Rate,2.8
County,Lake,2014,Number,124
County,Lake,2014,Rate,2.6
County,Lake,2016,Number,139
County,Lake,2016,Rate,2.98456
County,Lake,2015,Number,124
County,Lake,2015,Rate,2.6
County,Lake,2017,Number,152
County,Lake,2017,Rate,3.25294
County,Lawrence,2001,Number,151
County,Lawrence,2002,Number,169
County,Lawrence,2003,Number,137
County,Lawrence,2004,Number,135
County,Lawrence,2005,Number,129
County,Lawrence,2006,Number,128
County,Lawrence,2008,Number,128
County,Lawrence,2007,Number,137
County,Lawrence,2009,Number,130
County,Lawrence,2010,Number,89
County,Lawrence,2011,Number,65
County,Lawrence,2012,Number,59
County,Lawrence,2012,Rate,4.1
County,Lawrence,2013,Number,52
County,Lawrence,2013,Rate,3.7
County,Lawrence,2014,Number,43
County,Lawrence,2014,Rate,3.1
County,Lawrence,2016,Number,84
County,Lawrence,2016,Rate,6.25372
County,Lawrence,2015,Number,62
County,Lawrence,2015,Rate,4.6
County,Lawrence,2017,Number,98
County,Lawrence,2017,Rate,7.42424
County,Licking,2001,Number,365
County,Licking,2002,Number,447
County,Licking,2003,Number,480
County,Licking,2004,Number,461
County,Licking,2005,Number,455
County,Licking,2006,Number,419
County,Licking,2008,Number,511
County,Licking,2007,Number,461
County,Licking,2009,Number,478
County,Licking,2010,Number,481
County,Licking,2011,Number,479
County,Licking,2012,Number,471
County,Licking,2012,Rate,11.7
County,Licking,2013,Number,511
County,Licking,2013,Rate,12.7
County,Licking,2014,Number,567
County,Licking,2014,Rate,14.1
County,Licking,2016,Number,551
County,Licking,2016,Rate,13.62445
County,Licking,2015,Number,569
County,Licking,2015,Rate,14.1
County,Licking,2017,Number,677
County,Licking,2017,Rate,16.78443
County,Logan,2001,Number,51
County,Logan,2002,Number,59
County,Logan,2003,Number,57
County,Logan,2004,Number,47
County,Logan,2005,Number,48
County,Logan,2006,Number,29
County,Logan,2008,Number,25
County,Logan,2007,Number,24
County,Logan,2009,Number,15
County,Logan,2010,Number,23
County,Logan,2011,Number,39
County,Logan,2012,Number,42
County,Logan,2012,Rate,3.8
County,Logan,2013,Number,40
County,Logan,2013,Rate,3.6
County,Logan,2014,Number,41
County,Logan,2014,Rate,3.7
County,Logan,2016,Number,65
County,Logan,2016,Rate,6.10386
County,Logan,2015,Number,48
County,Logan,2015,Rate,4.4
County,Logan,2017,Number,85
County,Logan,2017,Rate,8.06146
County,Lorain,2001,Number,496
County,Lorain,2002,Number,394
County,Lorain,2003,Number,315
County,Lorain,2004,Number,274
County,Lorain,2005,Number,262
County,Lorain,2006,Number,275
County,Lorain,2008,Number,178
County,Lorain,2007,Number,230
County,Lorain,2009,Number,189
County,Lorain,2010,Number,211
County,Lorain,2011,Number,236
County,Lorain,2012,Number,287
County,Lorain,2012,Rate,4.1
County,Lorain,2013,Number,290
County,Lorain,2013,Rate,4.2
County,Lorain,2014,Number,275
County,Lorain,2014,Rate,4
County,Lorain,2016,Number,233
County,Lorain,2016,Rate,3.38628
County,Lorain,2015,Number,236
County,Lorain,2015,Rate,3.4
County,Lorain,2017,Number,234
County,Lorain,2017,Rate,3.41118
County,Lucas,2001,Number,1337
County,Lucas,2002,Number,1445
County,Lucas,2003,Number,1385
County,Lucas,2004,Number,1378
County,Lucas,2005,Number,1454
County,Lucas,2006,Number,1555
County,Lucas,2008,Number,1764
County,Lucas,2007,Number,2425
County,Lucas,2009,Number,1165
County,Lucas,2010,Number,858
County,Lucas,2011,Number,848
County,Lucas,2012,Number,938
County,Lucas,2012,Rate,9.2
County,Lucas,2013,Number,1026
County,Lucas,2013,Rate,10.1
County,Lucas,2014,Number,972
County,Lucas,2014,Rate,9.6
County,Lucas,2016,Number,1142
County,Lucas,2016,Rate,11.42148
County,Lucas,2015,Number,986
County,Lucas,2015,Rate,9.8
County,Lucas,2017,Number,1373
County,Lucas,2017,Rate,13.79816
County,Madison,2001,Number,53
County,Madison,2002,Number,44
County,Madison,2003,Number,39
County,Madison,2004,Number,50
County,Madison,2005,Number,49
County,Madison,2006,Number,50
County,Madison,2008,Number,53
County,Madison,2007,Number,49
County,Madison,2009,Number,53
County,Madison,2010,Number,38
County,Madison,2011,Number,31
County,Madison,2012,Number,38
County,Madison,2012,Rate,4
County,Madison,2013,Number,46
County,Madison,2013,Rate,5
County,Madison,2014,Number,32
County,Madison,2014,Rate,3.4
County,Madison,2016,Number,35
County,Madison,2016,Rate,3.84446
County,Madison,2015,Number,26
County,Madison,2015,Rate,2.8
County,Madison,2017,Number,35
County,Madison,2017,Rate,3.86058
County,Mahoning,2001,Number,319
County,Mahoning,2002,Number,275
County,Mahoning,2003,Number,279
County,Mahoning,2004,Number,353
County,Mahoning,2005,Number,353
County,Mahoning,2006,Number,363
County,Mahoning,2008,Number,380
County,Mahoning,2007,Number,356
County,Mahoning,2009,Number,394
County,Mahoning,2010,Number,359
County,Mahoning,2011,Number,325
County,Mahoning,2012,Number,315
County,Mahoning,2012,Rate,6.4
County,Mahoning,2013,Number,344
County,Mahoning,2013,Rate,7.1
County,Mahoning,2014,Number,285
County,Mahoning,2014,Rate,6
County,Mahoning,2016,Number,274
County,Mahoning,2016,Rate,5.87114
County,Mahoning,2015,Number,289
County,Mahoning,2015,Rate,6.1
County,Mahoning,2017,Number,322
County,Mahoning,2017,Rate,6.97287
County,Marion,2001,Number,107
County,Marion,2002,Number,81
County,Marion,2003,Number,74
County,Marion,2004,Number,71
County,Marion,2005,Number,53
County,Marion,2006,Number,65
County,Marion,2008,Number,82
County,Marion,2007,Number,65
County,Marion,2009,Number,74
County,Marion,2010,Number,91
County,Marion,2011,Number,80
County,Marion,2012,Number,72
County,Marion,2012,Rate,5.1
County,Marion,2013,Number,90
County,Marion,2013,Rate,6.5
County,Marion,2014,Number,88
County,Marion,2014,Rate,6.3
County,Marion,2016,Number,112
County,Marion,2016,Rate,8.24196
County,Marion,2015,Number,103
County,Marion,2015,Rate,7.5
County,Marion,2017,Number,126
County,Marion,2017,Rate,9.32022
County,Medina,2001,Number,107
County,Medina,2002,Number,91
County,Medina,2003,Number,113
County,Medina,2004,Number,80
County,Medina,2005,Number,92
County,Medina,2006,Number,110
County,Medina,2008,Number,81
County,Medina,2007,Number,89
County,Medina,2009,Number,82
County,Medina,2010,Number,74
County,Medina,2011,Number,81
County,Medina,2012,Number,91
County,Medina,2012,Rate,2.2
County,Medina,2013,Number,92
County,Medina,2013,Rate,2.2
County,Medina,2014,Number,91
County,Medina,2014,Rate,2.2
County,Medina,2016,Number,138
County,Medina,2016,Rate,3.39617
County,Medina,2015,Number,108
County,Medina,2015,Rate,2.6
County,Medina,2017,Number,161
County,Medina,2017,Rate,3.98584
County,Meigs,2001,Number,40
County,Meigs,2002,Number,38
County,Meigs,2003,Number,33
County,Meigs,2004,Number,39
County,Meigs,2005,Number,28
County,Meigs,2006,Number,25
County,Meigs,2008,Number,45
County,Meigs,2007,Number,37
County,Meigs,2009,Number,58
County,Meigs,2010,Number,57
County,Meigs,2011,Number,57
County,Meigs,2012,Number,50
County,Meigs,2012,Rate,9.6
County,Meigs,2013,Number,76
County,Meigs,2013,Rate,14.5
County,Meigs,2014,Number,66
County,Meigs,2014,Rate,13
County,Meigs,2016,Number,52
County,Meigs,2016,Rate,10.46278
County,Meigs,2015,Number,47
County,Meigs,2015,Rate,9.4
County,Meigs,2017,Number,53
County,Meigs,2017,Rate,10.68333
County,Mercer,2001,Number,38
County,Mercer,2002,Number,44
County,Mercer,2003,Number,32
County,Mercer,2004,Number,44
County,Mercer,2005,Number,36
County,Mercer,2006,Number,52
County,Mercer,2008,Number,38
County,Mercer,2007,Number,40
County,Mercer,2009,Number,39
County,Mercer,2010,Number,50
County,Mercer,2011,Number,47
County,Mercer,2012,Number,54
County,Mercer,2012,Rate,5.2
County,Mercer,2013,Number,54
County,Mercer,2013,Rate,5.2
County,Mercer,2014,Number,53
County,Mercer,2014,Rate,5.1
County,Mercer,2016,Number,65
County,Mercer,2016,Rate,6.2488
County,Mercer,2015,Number,52
County,Mercer,2015,Rate,5
County,Mercer,2017,Number,93
County,Mercer,2017,Rate,8.88592
County,Miami,2001,Number,224
County,Miami,2002,Number,211
County,Miami,2003,Number,152
County,Miami,2004,Number,137
County,Miami,2005,Number,138
County,Miami,2006,Number,133
County,Miami,2008,Number,140
County,Miami,2007,Number,148
County,Miami,2009,Number,99
County,Miami,2010,Number,70
County,Miami,2011,Number,75
County,Miami,2012,Number,86
County,Miami,2012,Rate,3.5
County,Miami,2013,Number,78
County,Miami,2013,Rate,3.2
County,Miami,2014,Number,82
County,Miami,2014,Rate,3.4
County,Miami,2016,Number,103
County,Miami,2016,Rate,4.2735
County,Miami,2015,Number,79
County,Miami,2015,Rate,3.3
County,Miami,2017,Number,64
County,Miami,2017,Rate,2.6382
County,Monroe,2001,Number,26
County,Monroe,2002,Number,26
County,Monroe,2003,Number,23
County,Monroe,2004,Number,24
County,Monroe,2005,Number,25
County,Monroe,2006,Number,40
County,Monroe,2008,Number,32
County,Monroe,2007,Number,47
County,Monroe,2009,Number,25
County,Monroe,2010,Number,17
County,Monroe,2011,Number,18
County,Monroe,2012,Number,14
County,Monroe,2012,Rate,4.6
County,Monroe,2013,Number,9
County,Monroe,2013,Rate,3
County,Monroe,2014,Number,10
County,Monroe,2014,Rate,3.3
County,Monroe,2016,Number,23
County,Monroe,2016,Rate,7.79925
County,Monroe,2015,Number,14
County,Monroe,2015,Rate,4.7
County,Monroe,2017,Number,24
County,Monroe,2017,Rate,8.35364
County,Montgomery,2001,Number,2014
County,Montgomery,2002,Number,1880
County,Montgomery,2003,Number,1739
County,Montgomery,2004,Number,1645
County,Montgomery,2005,Number,1552
County,Montgomery,2006,Number,1435
County,Montgomery,2008,Number,1273
County,Montgomery,2007,Number,1266
County,Montgomery,2009,Number,1410
County,Montgomery,2010,Number,1268
County,Montgomery,2011,Number,1203
County,Montgomery,2012,Number,1147
County,Montgomery,2012,Rate,9.5
County,Montgomery,2013,Number,1156
County,Montgomery,2013,Rate,9.6
County,Montgomery,2014,Number,1131
County,Montgomery,2014,Rate,9.4
County,Montgomery,2016,Number,1033
County,Montgomery,2016,Rate,8.73979
County,Montgomery,2015,Number,1034
County,Montgomery,2015,Rate,8.7
County,Montgomery,2017,Number,1072
County,Montgomery,2017,Rate,9.08359
County,Morgan,2001,Number,21
County,Morgan,2002,Number,18
County,Morgan,2003,Number,20
County,Morgan,2004,Number,26
County,Morgan,2005,Number,22
County,Morgan,2006,Number,29
County,Morgan,2008,Number,15
County,Morgan,2007,Number,21
County,Morgan,2009,Number,11
County,Morgan,2010,Number,13
County,Morgan,2011,Number,10
County,Morgan,2012,Number,13
County,Morgan,2012,Rate,3.9
County,Morgan,2013,Number,19
County,Morgan,2013,Rate,5.8
County,Morgan,2014,Number,19
County,Morgan,2014,Rate,5.9
County,Morgan,2016,Number,27
County,Morgan,2016,Rate,8.5389
County,Morgan,2015,Number,23
County,Morgan,2015,Rate,7.3
County,Morgan,2017,Number,24
County,Morgan,2017,Rate,7.74943
County,Morrow,2001,Number,58
County,Morrow,2002,Number,42
County,Morrow,2003,Number,33
County,Morrow,2004,Number,25
County,Morrow,2005,Number,32
County,Morrow,2006,Number,31
County,Morrow,2008,Number,26
County,Morrow,2007,Number,29
County,Morrow,2009,Number,25
County,Morrow,2010,Number,19
County,Morrow,2011,Number,25
County,Morrow,2012,Number,44
County,Morrow,2012,Rate,5.1
County,Morrow,2013,Number,44
County,Morrow,2013,Rate,5.1
County,Morrow,2014,Number,40
County,Morrow,2014,Rate,4.7
County,Morrow,2016,Number,39
County,Morrow,2016,Rate,4.66507
County,Morrow,2015,Number,36
County,Morrow,2015,Rate,4.3
County,Morrow,2017,Number,65
County,Morrow,2017,Rate,7.7
County,Muskingum,2001,Number,164
County,Muskingum,2002,Number,187
County,Muskingum,2003,Number,194
County,Muskingum,2004,Number,234
County,Muskingum,2005,Number,210
County,Muskingum,2006,Number,192
County,Muskingum,2008,Number,290
County,Muskingum,2007,Number,324
County,Muskingum,2009,Number,252
County,Muskingum,2010,Number,138
County,Muskingum,2011,Number,201
County,Muskingum,2012,Number,167
County,Muskingum,2012,Rate,8.3
County,Muskingum,2013,Number,164
County,Muskingum,2013,Rate,8.2
County,Muskingum,2014,Number,211
County,Muskingum,2014,Rate,10.6
County,Muskingum,2016,Number,226
County,Muskingum,2016,Rate,11.45348
County,Muskingum,2015,Number,217
County,Muskingum,2015,Rate,10.9
County,Muskingum,2017,Number,344
County,Muskingum,2017,Rate,17.5
County,Noble,2001,Number,6
County,Noble,2002,Number,6
County,Noble,2003,Number,18
County,Noble,2004,Number,15
County,Noble,2005,Number,9
County,Noble,2006,Number,4
County,Noble,2008,Number,8
County,Noble,2007,Number,7
County,Noble,2009,Number,20
County,Noble,2010,Number,28
County,Noble,2011,Number,28
County,Noble,2012,Number,19
County,Noble,2012,Rate,7
County,Noble,2013,Number,6
County,Noble,2013,Rate,2.2
County,Noble,2014,Number,13
County,Noble,2014,Rate,5
County,Noble,2016,Number,31
County,Noble,2016,Rate,11.64101
County,Noble,2015,Number,20
County,Noble,2015,Rate,7.6
County,Noble,2017,Number,52
County,Noble,2017,Rate,19.53418
County,Ottawa,2001,Number,20
County,Ottawa,2002,Number,25
County,Ottawa,2003,Number,24
County,Ottawa,2004,Number,21
County,Ottawa,2005,Number,28
County,Ottawa,2006,Number,33
County,Ottawa,2008,Number,35
County,Ottawa,2007,Number,33
County,Ottawa,2009,Number,38
County,Ottawa,2010,Number,40
County,Ottawa,2011,Number,48
County,Ottawa,2012,Number,36
County,Ottawa,2012,Rate,4.4
County,Ottawa,2013,Number,40
County,Ottawa,2013,Rate,4.9
County,Ottawa,2014,Number,43
County,Ottawa,2014,Rate,5.3
County,Ottawa,2016,Number,52
County,Ottawa,2016,Rate,6.79561
County,Ottawa,2015,Number,46
County,Ottawa,2015,Rate,5.9
County,Ottawa,2017,Number,38
County,Ottawa,2017,Rate,4.95825
County,Paulding,2001,Number,42
County,Paulding,2002,Number,34
County,Paulding,2003,Number,27
County,Paulding,2004,Number,28
County,Paulding,2005,Number,27
County,Paulding,2006,Number,25
County,Paulding,2008,Number,25
County,Paulding,2007,Number,26
County,Paulding,2009,Number,22
County,Paulding,2010,Number,14
County,Paulding,2011,Number,18
County,Paulding,2012,Number,30
County,Paulding,2012,Rate,6.4
County,Paulding,2013,Number,28
County,Paulding,2013,Rate,6
County,Paulding,2014,Number,30
County,Paulding,2014,Rate,6.6
County,Paulding,2016,Number,20
County,Paulding,2016,Rate,4.48833
County,Paulding,2015,Number,18
County,Paulding,2015,Rate,4
County,Paulding,2017,Number,12
County,Paulding,2017,Rate,2.67797
County,Perry,2001,Number,99
County,Perry,2002,Number,118
County,Perry,2003,Number,92
County,Perry,2004,Number,96
County,Perry,2005,Number,126
County,Perry,2006,Number,115
County,Perry,2008,Number,62
County,Perry,2007,Number,80
County,Perry,2009,Number,68
County,Perry,2010,Number,96
County,Perry,2011,Number,112
County,Perry,2012,Number,120
County,Perry,2012,Rate,13.3
County,Perry,2013,Number,167
County,Perry,2013,Rate,18.8
County,Perry,2014,Number,177
County,Perry,2014,Rate,20.4
County,Perry,2016,Number,113
County,Perry,2016,Rate,13.12427
County,Perry,2015,Number,131
County,Perry,2015,Rate,15.1
County,Perry,2017,Number,108
County,Perry,2017,Rate,12.60799
County,Pickaway,2001,Number,36
County,Pickaway,2002,Number,50
County,Pickaway,2003,Number,49
County,Pickaway,2004,Number,39
County,Pickaway,2005,Number,42
County,Pickaway,2006,Number,39
County,Pickaway,2008,Number,40
County,Pickaway,2007,Number,37
County,Pickaway,2009,Number,41
County,Pickaway,2010,Number,37
County,Pickaway,2011,Number,27
County,Pickaway,2012,Number,26
County,Pickaway,2012,Rate,2
County,Pickaway,2013,Number,37
County,Pickaway,2013,Rate,2.9
County,Pickaway,2014,Number,48
County,Pickaway,2014,Rate,3.8
County,Pickaway,2016,Number,68
County,Pickaway,2016,Rate,5.41229
County,Pickaway,2015,Number,64
County,Pickaway,2015,Rate,5.1
County,Pickaway,2017,Number,68
County,Pickaway,2017,Rate,5.44566
County,Pike,2001,Number,44
County,Pike,2002,Number,48
County,Pike,2003,Number,58
County,Pike,2004,Number,90
County,Pike,2005,Number,89
County,Pike,2006,Number,70
County,Pike,2008,Number,61
County,Pike,2007,Number,62
County,Pike,2009,Number,60
County,Pike,2010,Number,44
County,Pike,2011,Number,42
County,Pike,2012,Number,59
County,Pike,2012,Rate,8.5
County,Pike,2013,Number,59
County,Pike,2013,Rate,8.7
County,Pike,2014,Number,63
County,Pike,2014,Rate,9.3
County,Pike,2016,Number,81
County,Pike,2016,Rate,11.94338
County,Pike,2015,Number,84
County,Pike,2015,Rate,12.4
County,Pike,2017,Number,88
County,Pike,2017,Rate,13.10304
County,Portage,2001,Number,277
County,Portage,2002,Number,263
County,Portage,2003,Number,296
County,Portage,2004,Number,278
County,Portage,2005,Number,254
County,Portage,2006,Number,226
County,Portage,2008,Number,230
County,Portage,2007,Number,212
County,Portage,2009,Number,225
County,Portage,2010,Number,196
County,Portage,2011,Number,218
County,Portage,2012,Number,220
County,Portage,2012,Rate,6.9
County,Portage,2013,Number,249
County,Portage,2013,Rate,7.9
County,Portage,2014,Number,294
County,Portage,2014,Rate,9.4
County,Portage,2016,Number,313
County,Portage,2016,Rate,10.20441
County,Portage,2015,Number,328
County,Portage,2015,Rate,10.5
County,Portage,2017,Number,400
County,Portage,2017,Rate,13.01914
County,Preble,2001,Number,170
County,Preble,2002,Number,119
County,Preble,2003,Number,104
County,Preble,2004,Number,96
County,Preble,2005,Number,118
County,Preble,2006,Number,139
County,Preble,2008,Number,138
County,Preble,2007,Number,149
County,Preble,2009,Number,130
County,Preble,2010,Number,120
County,Preble,2011,Number,155
County,Preble,2012,Number,148
County,Preble,2012,Rate,15
County,Preble,2013,Number,158
County,Preble,2013,Rate,16.2
County,Preble,2014,Number,152
County,Preble,2014,Rate,15.6
County,Preble,2016,Number,155
County,Preble,2016,Rate,16.43168
County,Preble,2015,Number,166
County,Preble,2015,Rate,17.4
County,Preble,2017,Number,149
County,Preble,2017,Rate,16.01634
County,Putnam,2001,Number,16
County,Putnam,2002,Number,11
County,Putnam,2003,Number,14
County,Putnam,2004,Number,14
County,Putnam,2005,Number,10
County,Putnam,2006,Number,7
County,Putnam,2008,Number,12
County,Putnam,2007,Number,10
County,Putnam,2009,Number,7
County,Putnam,2010,Number,7
County,Putnam,2011,Number,5
County,Putnam,2012,Number,13
County,Putnam,2012,Rate,1.5
County,Putnam,2013,Number,11
County,Putnam,2013,Rate,1.3
County,Putnam,2014,Number,8
County,Putnam,2014,Rate,0.9
County,Putnam,2016,Number,11
County,Putnam,2016,Rate,1.25801
County,Putnam,2015,Number,13
County,Putnam,2015,Rate,1.5
County,Putnam,2017,Number,19
County,Putnam,2017,Rate,2.20086
County,Richland,2001,Number,440
County,Richland,2002,Number,356
County,Richland,2003,Number,259
County,Richland,2004,Number,211
County,Richland,2005,Number,185
County,Richland,2006,Number,161
County,Richland,2008,Number,126
County,Richland,2007,Number,136
County,Richland,2009,Number,102
County,Richland,2010,Number,94
County,Richland,2011,Number,96
County,Richland,2012,Number,106
County,Richland,2012,Rate,3.9
County,Richland,2013,Number,100
County,Richland,2013,Rate,3.7
County,Richland,2014,Number,97
County,Richland,2014,Rate,3.6
County,Richland,2016,Number,130
County,Richland,2016,Rate,4.96885
County,Richland,2015,Number,135
County,Richland,2015,Rate,5.1
County,Richland,2017,Number,153
County,Richland,2017,Rate,5.84014
County,Ross,2001,Number,268
County,Ross,2002,Number,289
County,Ross,2003,Number,268
County,Ross,2004,Number,205
County,Ross,2005,Number,200
County,Ross,2006,Number,177
County,Ross,2008,Number,178
County,Ross,2007,Number,177
County,Ross,2009,Number,224
County,Ross,2010,Number,154
County,Ross,2011,Number,205
County,Ross,2012,Number,161
County,Ross,2012,Rate,9.4
County,Ross,2013,Number,199
County,Ross,2013,Rate,11.6
County,Ross,2014,Number,212
County,Ross,2014,Rate,12.7
County,Ross,2016,Number,200
County,Ross,2016,Rate,12.09409
County,Ross,2015,Number,229
County,Ross,2015,Rate,13.7
County,Ross,2017,Number,241
County,Ross,2017,Rate,14.71756
County,Sandusky,2001,Number,141
County,Sandusky,2002,Number,123
County,Sandusky,2003,Number,112
County,Sandusky,2004,Number,77
County,Sandusky,2005,Number,67
County,Sandusky,2006,Number,67
County,Sandusky,2008,Number,46
County,Sandusky,2007,Number,56
County,Sandusky,2009,Number,39
County,Sandusky,2010,Number,33
County,Sandusky,2011,Number,38
County,Sandusky,2012,Number,35
County,Sandusky,2012,Rate,2.4
County,Sandusky,2013,Number,47
County,Sandusky,2013,Rate,3.3
County,Sandusky,2014,Number,62
County,Sandusky,2014,Rate,4.4
County,Sandusky,2016,Number,77
County,Sandusky,2016,Rate,5.6919
County,Sandusky,2015,Number,79
County,Sandusky,2015,Rate,5.8
County,Sandusky,2017,Number,66
County,Sandusky,2017,Rate,4.9056
County,Scioto,2001,Number,137
County,Scioto,2002,Number,147
County,Scioto,2003,Number,174
County,Scioto,2004,Number,222
County,Scioto,2005,Number,226
County,Scioto,2006,Number,231
County,Scioto,2008,Number,182
County,Scioto,2007,Number,172
County,Scioto,2009,Number,199
County,Scioto,2010,Number,197
County,Scioto,2011,Number,225
County,Scioto,2012,Number,226
County,Scioto,2012,Rate,12.9
County,Scioto,2013,Number,261
County,Scioto,2013,Rate,15.1
County,Scioto,2014,Number,240
County,Scioto,2014,Rate,14.1
County,Scioto,2016,Number,285
County,Scioto,2016,Rate,17.17281
County,Scioto,2015,Number,227
County,Scioto,2015,Rate,13.4
County,Scioto,2017,Number,378
County,Scioto,2017,Rate,23.0193
County,Seneca,2001,Number,82
County,Seneca,2002,Number,62
County,Seneca,2003,Number,95
County,Seneca,2004,Number,119
County,Seneca,2005,Number,108
County,Seneca,2006,Number,109
County,Seneca,2008,Number,97
County,Seneca,2007,Number,92
County,Seneca,2009,Number,65
County,Seneca,2010,Number,48
County,Seneca,2011,Number,35
County,Seneca,2012,Number,27
County,Seneca,2012,Rate,2.1
County,Seneca,2013,Number,23
County,Seneca,2013,Rate,1.8
County,Seneca,2014,Number,20
County,Seneca,2014,Rate,1.6
County,Seneca,2016,Number,14
County,Seneca,2016,Rate,1.13775
County,Seneca,2015,Number,19
County,Seneca,2015,Rate,1.5
County,Seneca,2017,Number,17
County,Seneca,2017,Rate,1.39287
County,Shelby,2001,Number,49
County,Shelby,2002,Number,50
County,Shelby,2003,Number,33
County,Shelby,2004,Number,37
County,Shelby,2005,Number,37
County,Shelby,2006,Number,40
County,Shelby,2008,Number,39
County,Shelby,2007,Number,38
County,Shelby,2009,Number,30
County,Shelby,2010,Number,22
County,Shelby,2011,Number,29
County,Shelby,2012,Number,28
County,Shelby,2012,Rate,2.1
County,Shelby,2013,Number,27
County,Shelby,2013,Rate,2.1
County,Shelby,2014,Number,23
County,Shelby,2014,Rate,1.8
County,Shelby,2016,Number,44
County,Shelby,2016,Rate,3.54467
County,Shelby,2015,Number,32
County,Shelby,2015,Rate,2.5
County,Shelby,2017,Number,41
County,Shelby,2017,Rate,3.33577
County,Stark,2001,Number,1384
County,Stark,2002,Number,1467
County,Stark,2003,Number,1462
County,Stark,2004,Number,1329
County,Stark,2005,Number,1363
County,Stark,2006,Number,1281
County,Stark,2008,Number,1025
County,Stark,2007,Number,1147
County,Stark,2009,Number,918
County,Stark,2010,Number,854
County,Stark,2011,Number,862
County,Stark,2012,Number,741
County,Stark,2012,Rate,8.9
County,Stark,2013,Number,713
County,Stark,2013,Rate,8.6
County,Stark,2014,Number,804
County,Stark,2014,Rate,9.8
County,Stark,2016,Number,633
County,Stark,2016,Rate,7.79269
County,Stark,2015,Number,717
County,Stark,2015,Rate,8.8
County,Stark,2017,Number,671
County,Stark,2017,Rate,8.33364
County,Summit,2001,Number,2364
County,Summit,2002,Number,2562
County,Summit,2003,Number,2538
County,Summit,2004,Number,2461
County,Summit,2005,Number,2352
County,Summit,2006,Number,2391
County,Summit,2008,Number,1965
County,Summit,2007,Number,2149
County,Summit,2009,Number,1712
County,Summit,2010,Number,1583
County,Summit,2011,Number,1440
County,Summit,2012,Number,1289
County,Summit,2012,Rate,10.8
County,Summit,2013,Number,1213
County,Summit,2013,Rate,10.2
County,Summit,2014,Number,1270
County,Summit,2014,Rate,10.8
County,Summit,2016,Number,1460
County,Summit,2016,Rate,12.66734
County,Summit,2015,Number,1368
County,Summit,2015,Rate,11.7
County,Summit,2017,Number,1409
County,Summit,2017,Rate,12.34622
County,Trumbull,2001,Number,294
County,Trumbull,2002,Number,299
County,Trumbull,2003,Number,362
County,Trumbull,2004,Number,328
County,Trumbull,2005,Number,307
County,Trumbull,2006,Number,286
County,Trumbull,2008,Number,268
County,Trumbull,2007,Number,307
County,Trumbull,2009,Number,300
County,Trumbull,2010,Number,280
County,Trumbull,2011,Number,277
County,Trumbull,2012,Number,271
County,Trumbull,2012,Rate,6.1
County,Trumbull,2013,Number,245
County,Trumbull,2013,Rate,5.6
County,Trumbull,2014,Number,288
County,Trumbull,2014,Rate,6.7
County,Trumbull,2016,Number,266
County,Trumbull,2016,Rate,6.35072
County,Trumbull,2015,Number,320
County,Trumbull,2015,Rate,7.5
County,Trumbull,2017,Number,266
County,Trumbull,2017,Rate,6.45349
County,Tuscarawas,2001,Number,121
County,Tuscarawas,2002,Number,135
County,Tuscarawas,2003,Number,169
County,Tuscarawas,2004,Number,195
County,Tuscarawas,2005,Number,218
County,Tuscarawas,2006,Number,241
County,Tuscarawas,2008,Number,219
County,Tuscarawas,2007,Number,218
County,Tuscarawas,2009,Number,185
County,Tuscarawas,2010,Number,188
County,Tuscarawas,2011,Number,187
County,Tuscarawas,2012,Number,171
County,Tuscarawas,2012,Rate,8
County,Tuscarawas,2013,Number,168
County,Tuscarawas,2013,Rate,7.9
County,Tuscarawas,2014,Number,142
County,Tuscarawas,2014,Rate,6.7
County,Tuscarawas,2016,Number,169
County,Tuscarawas,2016,Rate,8.04149
County,Tuscarawas,2015,Number,162
County,Tuscarawas,2015,Rate,7.6
County,Tuscarawas,2017,Number,149
County,Tuscarawas,2017,Rate,7.03826
County,Union,2001,Number,92
County,Union,2002,Number,92
County,Union,2003,Number,68
County,Union,2004,Number,76
County,Union,2005,Number,71
County,Union,2006,Number,84
County,Union,2008,Number,92
County,Union,2007,Number,105
County,Union,2009,Number,87
County,Union,2010,Number,85
County,Union,2011,Number,90
County,Union,2012,Number,72
County,Union,2012,Rate,5.2
County,Union,2013,Number,80
County,Union,2013,Rate,5.8
County,Union,2014,Number,69
County,Union,2014,Rate,5
County,Union,2016,Number,80
County,Union,2016,Rate,5.79962
County,Union,2015,Number,76
County,Union,2015,Rate,5.6
County,Union,2017,Number,69
County,Union,2017,Rate,4.87564
County,Van Wert,2001,Number,18
County,Van Wert,2002,Number,16
County,Van Wert,2003,Number,11
County,Van Wert,2004,Number,14
County,Van Wert,2005,Number,12
County,Van Wert,2006,Number,19
County,Van Wert,2008,Number,7
County,Van Wert,2007,Number,16
County,Van Wert,2009,Number,6
County,Van Wert,2010,Number,2
County,Van Wert,2011,Number,14
County,Van Wert,2012,Number,10
County,Van Wert,2012,Rate,1.4
County,Van Wert,2013,Number,8
County,Van Wert,2013,Rate,1.2
County,Van Wert,2014,Number,9
County,Van Wert,2014,Rate,1.3
County,Van Wert,2016,Number,6
County,Van Wert,2016,Rate,0.90813
County,Van Wert,2015,Number,5
County,Van Wert,2015,Rate,0.7
County,Van Wert,2017,Number,12
County,Van Wert,2017,Rate,1.82593
County,Vinton,2001,Number,36
County,Vinton,2002,Number,38
County,Vinton,2003,Number,57
County,Vinton,2004,Number,60
County,Vinton,2005,Number,58
County,Vinton,2006,Number,58
County,Vinton,2008,Number,54
County,Vinton,2007,Number,39
County,Vinton,2009,Number,38
County,Vinton,2010,Number,37
County,Vinton,2011,Number,51
County,Vinton,2012,Number,49
County,Vinton,2012,Rate,15.7
County,Vinton,2013,Number,64
County,Vinton,2013,Rate,20.9
County,Vinton,2014,Number,59
County,Vinton,2014,Rate,19.1
County,Vinton,2016,Number,60
County,Vinton,2016,Rate,20.71823
County,Vinton,2015,Number,46
County,Vinton,2015,Rate,15.5
County,Vinton,2017,Number,52
County,Vinton,2017,Rate,17.91868
County,Warren,2001,Number,181
County,Warren,2002,Number,175
County,Warren,2003,Number,200
County,Warren,2004,Number,201
County,Warren,2005,Number,193
County,Warren,2006,Number,180
County,Warren,2008,Number,139
County,Warren,2007,Number,144
County,Warren,2009,Number,127
County,Warren,2010,Number,145
County,Warren,2011,Number,161
County,Warren,2012,Number,196
County,Warren,2012,Rate,3.4
County,Warren,2013,Number,202
County,Warren,2013,Rate,3.5
County,Warren,2014,Number,205
County,Warren,2014,Rate,3.6
County,Warren,2016,Number,315
County,Warren,2016,Rate,5.51345
County,Warren,2015,Number,259
County,Warren,2015,Rate,4.5
County,Warren,2017,Number,353
County,Warren,2017,Rate,6.14768
County,Washington,2001,Number,57
County,Washington,2002,Number,52
County,Washington,2003,Number,52
County,Washington,2004,Number,51
County,Washington,2005,Number,62
County,Washington,2006,Number,50
County,Washington,2008,Number,66
County,Washington,2007,Number,50
County,Washington,2009,Number,87
County,Washington,2010,Number,76
County,Washington,2011,Number,66
County,Washington,2012,Number,59
County,Washington,2012,Rate,4.7
County,Washington,2013,Number,68
County,Washington,2013,Rate,5.5
County,Washington,2014,Number,68
County,Washington,2014,Rate,5.5
County,Washington,2016,Number,112
County,Washington,2016,Rate,9.32867
County,Washington,2015,Number,84
County,Washington,2015,Rate,6.9
County,Washington,2017,Number,116
County,Washington,2017,Rate,9.68766
County,Wayne,2001,Number,203
County,Wayne,2002,Number,224
County,Wayne,2003,Number,244
County,Wayne,2004,Number,253
County,Wayne,2005,Number,264
County,Wayne,2006,Number,215
County,Wayne,2008,Number,221
County,Wayne,2007,Number,219
County,Wayne,2009,Number,217
County,Wayne,2010,Number,180
County,Wayne,2011,Number,194
County,Wayne,2012,Number,239
County,Wayne,2012,Rate,8.4
County,Wayne,2013,Number,251
County,Wayne,2013,Rate,8.8
County,Wayne,2014,Number,230
County,Wayne,2014,Rate,8.1
County,Wayne,2016,Number,216
County,Wayne,2016,Rate,7.59253
County,Wayne,2015,Number,214
County,Wayne,2015,Rate,7.5
County,Wayne,2017,Number,198
County,Wayne,2017,Rate,6.9797
County,Williams,2001,Number,51
County,Williams,2002,Number,53
County,Williams,2003,Number,48
County,Williams,2004,Number,56
County,Williams,2005,Number,61
County,Williams,2006,Number,81
County,Williams,2008,Number,60
County,Williams,2007,Number,55
County,Williams,2009,Number,70
County,Williams,2010,Number,82
County,Williams,2011,Number,78
County,Williams,2012,Number,71
County,Williams,2012,Rate,8.2
County,Williams,2013,Number,78
County,Williams,2013,Rate,9
County,Williams,2014,Number,71
County,Williams,2014,Rate,8.3
County,Williams,2016,Number,68
County,Williams,2016,Rate,8.04734
County,Williams,2015,Number,105
County,Williams,2015,Rate,12.3
County,Williams,2017,Number,56
County,Williams,2017,Rate,6.65004
County,Wood,2001,Number,74
County,Wood,2002,Number,98
County,Wood,2003,Number,91
County,Wood,2004,Number,91
County,Wood,2005,Number,103
County,Wood,2006,Number,86
County,Wood,2008,Number,81
County,Wood,2007,Number,80
County,Wood,2009,Number,67
County,Wood,2010,Number,74
County,Wood,2011,Number,67
County,Wood,2012,Number,66
County,Wood,2012,Rate,2.5
County,Wood,2013,Number,81
County,Wood,2013,Rate,3
County,Wood,2014,Number,62
County,Wood,2014,Rate,2.3
County,Wood,2016,Number,63
County,Wood,2016,Rate,2.36238
County,Wood,2015,Number,74
County,Wood,2015,Rate,2.8
County,Wood,2017,Number,88
County,Wood,2017,Rate,3.32766
County,Wyandot,2001,Number,37
County,Wyandot,2002,Number,34
County,Wyandot,2003,Number,39
County,Wyandot,2004,Number,27
County,Wyandot,2005,Number,20
County,Wyandot,2006,Number,26
County,Wyandot,2008,Number,15
County,Wyandot,2007,Number,15
County,Wyandot,2009,Number,14
County,Wyandot,2010,Number,25
County,Wyandot,2011,Number,30
County,Wyandot,2012,Number,22
County,Wyandot,2012,Rate,4.1
County,Wyandot,2013,Number,12
County,Wyandot,2013,Rate,2.3
County,Wyandot,2014,Number,12
County,Wyandot,2014,Rate,2.3
County,Wyandot,2016,Number,7
County,Wyandot,2016,Rate,1.38367
County,Wyandot,2015,Number,9
County,Wyandot,2015,Rate,1.7
County,Wyandot,2017,Number,21
County,Wyandot,2017,Rate,4.2
